Workbook

Sheet Consolidado
A1: PLAN DE VISITAS TECSERVICE — RESUMEN CONSOLIDADO POR REGIÓN
A3: Prior. | B3: Región | C3: N° Clientes Foco | D3: Equipos Foco | E3: Pot. Foco MM$ | F3: Margen (MM$) | G3: Pot. Total Región MM$ | H3: % Plan Atacado | I3: Ticket Promedio por Cliente | J3: Período Campaña | K3: Estado | L3: Acciones Clave | M3: Obs.
A4: 1 | B4: Metropolitana | C4: =+Metropolitana!A12 -> 10 | D4: =+Metropolitana!I13 -> 215 | E4: =+Metropolitana!K13 -> 259.3 | F4: =+E4*55% -> 142.615 | G4: 808.2 | H4: =+E4/G4 -> 0.32083643 | I4: =+G4/D4 -> 3.7590698 | J4: Sep–Oct 2026 (inmediato) + continuo | K4: Planificado | L4: Reunión / Visita gerencial · Levantamiento técnico · Auditoría técnica · Contrato preventivo · Oferta comercial · Programa preventivo · Evaluación de renovación | M4: Prioridad máxima. Inicio inmediato.
A5: =+A4+1 -> 2 | B5: Bío Bío | C5: =+'Bío Bío'!A12 -> 10 | D5: =+'Bío Bío'!I13 -> 79 | E5: =+'Bío Bío'!K13 -> 125.4 | F5: =+E5*50% -> 62.7 | G5: 284.3 | H5: =+E5/G5 -> 0.44108336 | I5: =+G5/D5 -> 3.5987342 | J5: Sep 2026 – EN EJECUCIÓN | K5: En ejecución | L5: Levantamiento técnico · Auditoría técnica · Contrato preventivo · Convenio institucional · Oferta comercial · Programa preventivo · Evaluación de renovación | M5: Campaña en curso.
A6: =+A5+1 -> 3 | B6: Araucanía | C6: =+Araucanía!A12 -> 10 | D6: =+Araucanía!I13 -> 80 | E6: =+Araucanía!K13 -> 123.7 | F6: =+E6*50% -> 61.85 | G6: 159.2 | H6: =+E6/G6 -> 0.77701005 | I6: =+G6/D6 -> 1.99 | J6: Sep 2026 – EN EJECUCIÓN | K6: En ejecución | L6: Levantamiento técnico · Contrato preventivo · Convenio institucional · Oferta comercial · Programa preventivo · Evaluación de renovación | M6: Campaña en curso.
A7: =+A6+1 -> 4 | B7: Valparaíso | C7: =+Valparaíso!A12 -> 10 | D7: =+Valparaíso!I13 -> 50 | E7: =+Valparaíso!K13 -> 77 | F7: =+E7*50% -> 38.5 | G7: 188.6 | H7: =+E7/G7 -> 0.40827147 | I7: =+G7/D7 -> 3.772 | J7: Oct–Nov 2026 | K7: Planificado | L7: Levantamiento técnico · Auditoría técnica · Contrato preventivo · Convenio institucional · Programa preventivo | M7: Inicio oct con foco Zona Naval.
A8: =+A7+1 -> 5 | B8: Maule | C8: =+Maule!A12 -> 10 | D8: =+Maule!I13 -> 49 | E8: =+Maule!K13 -> 64.9 | F8: =+E8*50% -> 32.45 | G8: 132.6 | H8: =+E8/G8 -> 0.48944193 | I8: =+G8/D8 -> 2.7061224 | J8: Sep 2026 – EN EJECUCIÓN | K8: En ejecución | L8: Levantamiento técnico · Auditoría técnica · Contrato preventivo · Convenio institucional · Programa preventivo | M8: Campaña en curso.
A9: =+A8+1 -> 6 | B9: Los Lagos | C9: =+'Los Lagos'!A12 -> 10 | D9: =+'Los Lagos'!I13 -> 29 | E9: =+'Los Lagos'!K13 -> 48.1 | F9: =+E9*50% -> 24.05 | G9: 77.3 | H9: =+E9/G9 -> 0.62225097 | I9: =+G9/D9 -> 2.6655172 | J9: Sep 2026 – EN EJECUCIÓN | K9: En ejecución | L9: Reunión / Visita gerencial · Contrato preventivo · Programa preventivo | M9: Campaña en curso.
A10: =+A9+1 -> 7 | B10: O'Higgins | C10: =+'O''Higgins'!A12 -> 10 | D10: =+'O''Higgins'!I13 -> 47 | E10: =+'O''Higgins'!K13 -> 46.8 | F10: =+E10*50% -> 23.4 | G10: 71.2 | H10: =+E10/G10 -> 0.65730337 | I10: =+G10/D10 -> 1.5148936 | J10: Nov–Dic 2026 | K10: Planificado | L10: Levantamiento técnico · Auditoría técnica · Convenio institucional · Programa preventivo | M10: Campaña nov–dic, post RM.
A11: =+A10+1 -> 8 | B11: Antofagasta | C11: =+Antofagasta!A12 -> 10 | D11: =+Antofagasta!I13 -> 39 | E11: =+Antofagasta!K13 -> 46.2 | F11: =+E11*50% -> 23.1 | G11: 59 | H11: =+E11/G11 -> 0.78305085 | I11: =+G11/D11 -> 1.5128205 | J11: Ene 2027 (Zona Norte) | K11: Planificado | L11: Levantamiento técnico · Auditoría técnica · Programa preventivo | M11: Coordinar con técnico norte.
A12: =+A11+1 -> 9 | B12: Coquimbo | C12: =+Coquimbo!A12 -> 10 | D12: =+Coquimbo!I13 -> 29 | E12: =+Coquimbo!K13 -> 45.8 | F12: =+E12*50% -> 22.9 | G12: 83.4 | H12: =+E12/G12 -> 0.54916067 | I12: =+G12/D12 -> 2.8758621 | J12: Ene 2027 (Téc. Norte) | K12: Planificado | L12: Levantamiento técnico · Programa preventivo | M12: ★ Base del técnico norte. Foco H. La Serena.
A13: =+A12+1 -> 10 | B13: Magallanes | C13: =+Magallanes!A12 -> 10 | D13: =+Magallanes!G13 -> 28 | E13: =+Magallanes!I13 -> 40 | F13: =+E13*50% -> 20 | G13: 40 | H13: =+E13/G13 -> 1 | I13: =+G13/D13 -> 1.4285714 | J13: Oct–Nov 2026 (Téc. Sur) | K13: Planificado | L13: Levantamiento técnico · Auditoría técnica · Convenio institucional · Programa preventivo · Evaluación de renovación | M13: Apoya técnico sur.
A14: =+A13+1 -> 11 | B14: Tarapacá | C14: =+Tarapacá!A12 -> 10 | D14: =+Tarapacá!G13 -> 26 | E14: =+Tarapacá!I13 -> 37.4 | F14: =+E14*50% -> 18.7 | G14: 39.8 | H14: =+E14/G14 -> 0.93969849 | I14: =+G14/D14 -> 1.5307692 | J14: Ene 2027 (Zona Norte) | K14: Planificado | L14: Levantamiento técnico · Auditoría técnica · Contrato preventivo · Convenio institucional · Programa preventivo · Evaluación de renovación | M14: Ronda zona norte.
A15: =+A14+1 -> 12 | B15: Ñuble | C15: =+Ñuble!A12 -> 10 | D15: =+Ñuble!G13 -> 25 | E15: =+Ñuble!I13 -> 35.3 | F15: =+E15*50% -> 17.65 | G15: 52.7 | H15: =+E15/G15 -> 0.66982922 | I15: =+G15/D15 -> 2.108 | J15: Sep 2026 – EN EJECUCIÓN | K15: En ejecución | L15: Levantamiento técnico · Auditoría técnica · Contrato preventivo · Programa preventivo · Evaluación de renovación | M15: Campaña en curso.
A16: =+A15+1 -> 13 | B16: Los Ríos | C16: =+'Los Ríos'!A11 -> 9 | D16: =+'Los Ríos'!G12 -> 15 | E16: =+'Los Ríos'!I12 -> 26.4 | F16: =+E16*50% -> 13.2 | G16: 28.4 | H16: =+E16/G16 -> 0.92957746 | I16: =+G16/D16 -> 1.8933333 | J16: Sep 2026 – EN EJECUCIÓN | K16: En ejecución | L16: Auditoría técnica · Convenio institucional · Programa preventivo · Evaluación de renovación | M16: Campaña en curso.
A17: =+A16+1 -> 14 | B17: Arica y Parinacota | C17: =+'Arica y Parinacota'!A8 -> 6 | D17: =+'Arica y Parinacota'!G9 -> 10 | E17: =+'Arica y Parinacota'!I9 -> 16.1 | F17: =+E17*50% -> 8.05 | G17: 19.4 | H17: =+E17/G17 -> 0.82989691 | I17: =+G17/D17 -> 1.94 | J17: Feb 2027 (Zona Norte) | K17: Planificado | L17: Auditoría técnica · Convenio institucional · Programa preventivo | M17: Ronda zona norte.
A18: =+A17+1 -> 15 | B18: Aysén | C18: =+Aysén!A8 -> 6 | D18: =+Aysén!I9 -> 11 | E18: =+Aysén!K9 -> 14.2 | F18: =+E18*50% -> 7.1 | G18: 16 | H18: =+E18/G18 -> 0.8875 | I18: =+G18/D18 -> 1.4545455 | J18: Oct–Nov 2026 (Téc. Sur) | K18: Planificado | L18: Programa preventivo · Evaluación de renovación | M18: Apoya técnico sur.
A19: =+A18+1 -> 16 | B19: Atacama | C19: =+Atacama!A8 -> 6 | D19: =+Atacama!G9 -> 7 | E19: =+Atacama!I9 -> 10 | F19: =+E19*50% -> 5 | G19: 12.1 | H19: =+E19/G19 -> 0.82644628 | I19: =+G19/D19 -> 1.7285714 | J19: Feb 2027 (Zona Norte) | K19: Planificado | L19: Levantamiento técnico · Auditoría técnica · Programa preventivo · Evaluación de renovación | M19: Ronda zona norte.
B20: TOTAL | D20: =+SUM(D4:D19) -> 739 | E20: =+SUM(E4:E19) -> 1016.6 | F20: =+SUM(F4:F19) -> 521.265 | G20: =+SUM(G4:G19) -> 2072.2 | H20: =+E20/G20 -> 0.49058971 | I20: =+G20/D20 -> 2.8040595

Sheet Carta Gantt
A1: CARTA GANTT — PLAN TEMPORAL DE VISITAS TECSERVICE (SEP 2026 – FEB 2027)
A3: Prior. | B3: Región | C3: Eq. | D3: Pot. MM$ | E3: Acciones Clave | F3: Sep 2026 | G3: Oct 2026 | H3: Nov 2026 | I3: Dic 2026 | J3: Ene 2027 | K3: Feb 2027
A4: 1 | B4: Metropolitana | C4: =+_xlfn.XLOOKUP(B4,Consolidado!B:B,Consolidado!D:D) -> 215 | D4: =+_xlfn.XLOOKUP(B4,Consolidado!B:B,Consolidado!E:E) -> 259.3 | E4: Reunión / Visita gerencial · Levantamiento técnico · Auditor… | F4: EN EJECUCIÓN | G4: SEGUIMIENTO
A5: 2 | B5: Bío Bío | C5: =+_xlfn.XLOOKUP(B5,Consolidado!B:B,Consolidado!D:D) -> 79 | D5: =+_xlfn.XLOOKUP(B5,Consolidado!B:B,Consolidado!E:E) -> 125.4 | E5: Levantamiento técnico · Auditoría técnica · Contrato prevent… | F5: EN EJECUCIÓN
A6: 3 | B6: Araucanía | C6: =+_xlfn.XLOOKUP(B6,Consolidado!B:B,Consolidado!D:D) -> 80 | D6: =+_xlfn.XLOOKUP(B6,Consolidado!B:B,Consolidado!E:E) -> 123.7 | E6: Levantamiento técnico · Contrato preventivo · Convenio insti… | F6: EN EJECUCIÓN
A7: 4 | B7: Los Lagos | C7: =+_xlfn.XLOOKUP(B7,Consolidado!B:B,Consolidado!D:D) -> 29 | D7: =+_xlfn.XLOOKUP(B7,Consolidado!B:B,Consolidado!E:E) -> 48.1 | E7: Reunión / Visita gerencial · Contrato preventivo · Programa … | F7: EN EJECUCIÓN
A8: 6 | B8: Maule | C8: =+_xlfn.XLOOKUP(B8,Consolidado!B:B,Consolidado!D:D) -> 49 | D8: =+_xlfn.XLOOKUP(B8,Consolidado!B:B,Consolidado!E:E) -> 64.9 | E8: Levantamiento técnico · Auditoría técnica · Contrato prevent… | F8: EN EJECUCIÓN
A9: 12 | B9: Ñuble | C9: =+_xlfn.XLOOKUP(B9,Consolidado!B:B,Consolidado!D:D) -> 25 | D9: =+_xlfn.XLOOKUP(B9,Consolidado!B:B,Consolidado!E:E) -> 35.3 | E9: Levantamiento técnico · Auditoría técnica · Contrato prevent… | F9: EN EJECUCIÓN
A10: 13 | B10: Los Ríos | C10: =+_xlfn.XLOOKUP(B10,Consolidado!B:B,Consolidado!D:D) -> 15 | D10: =+_xlfn.XLOOKUP(B10,Consolidado!B:B,Consolidado!E:E) -> 26.4 | E10: Auditoría técnica · Convenio institucional · Programa preven… | F10: EN EJECUCIÓN
A11: 5 | B11: Valparaíso | C11: =+_xlfn.XLOOKUP(B11,Consolidado!B:B,Consolidado!D:D) -> 50 | D11: =+_xlfn.XLOOKUP(B11,Consolidado!B:B,Consolidado!E:E) -> 77 | E11: Levantamiento técnico · Auditoría técnica · Contrato prevent… | G11: CAMPAÑA
A12: 10 | B12: Magallanes | C12: =+_xlfn.XLOOKUP(B12,Consolidado!B:B,Consolidado!D:D) -> 28 | D12: =+_xlfn.XLOOKUP(B12,Consolidado!B:B,Consolidado!E:E) -> 40 | E12: Levantamiento técnico · Auditoría técnica · Convenio institu… | G12: TÉC. SUR
A13: 16 | B13: Aysén | C13: =+_xlfn.XLOOKUP(B13,Consolidado!B:B,Consolidado!D:D) -> 11 | D13: =+_xlfn.XLOOKUP(B13,Consolidado!B:B,Consolidado!E:E) -> 14.2 | E13: Programa preventivo · Evaluación de renovación
A14: 7 | B14: O'Higgins | C14: =+_xlfn.XLOOKUP(B14,Consolidado!B:B,Consolidado!D:D) -> 47 | D14: =+_xlfn.XLOOKUP(B14,Consolidado!B:B,Consolidado!E:E) -> 46.8 | E14: Levantamiento técnico · Auditoría técnica · Convenio institu… | H14: CAMPAÑA
A15: 8 | B15: Antofagasta | C15: =+_xlfn.XLOOKUP(B15,Consolidado!B:B,Consolidado!D:D) -> 39 | D15: =+_xlfn.XLOOKUP(B15,Consolidado!B:B,Consolidado!E:E) -> 46.2 | E15: Levantamiento técnico · Auditoría técnica · Programa prevent… | J15: ZONA NORTE
A16: 9 | B16: Coquimbo | C16: =+_xlfn.XLOOKUP(B16,Consolidado!B:B,Consolidado!D:D) -> 29 | D16: =+_xlfn.XLOOKUP(B16,Consolidado!B:B,Consolidado!E:E) -> 45.8 | E16: Levantamiento técnico · Programa preventivo | J16: TÉC. NORTE
A17: 11 | B17: Tarapacá | C17: =+_xlfn.XLOOKUP(B17,Consolidado!B:B,Consolidado!D:D) -> 26 | D17: =+_xlfn.XLOOKUP(B17,Consolidado!B:B,Consolidado!E:E) -> 37.4 | E17: Levantamiento técnico · Auditoría técnica · Contrato prevent… | J17: ZONA NORTE
A18: 14 | B18: Arica y Parinacota | C18: =+_xlfn.XLOOKUP(B18,Consolidado!B:B,Consolidado!D:D) -> 10 | D18: =+_xlfn.XLOOKUP(B18,Consolidado!B:B,Consolidado!E:E) -> 16.1 | E18: Auditoría técnica · Convenio institucional · Programa preven… | K18: ZONA NORTE
A19: 15 | B19: Atacama | C19: =+_xlfn.XLOOKUP(B19,Consolidado!B:B,Consolidado!D:D) -> 7 | D19: =+_xlfn.XLOOKUP(B19,Consolidado!B:B,Consolidado!E:E) -> 10 | E19: Levantamiento técnico · Auditoría técnica · Programa prevent… | K19: ZONA NORTE
A22: ■ | B22: EN EJECUCIÓN: Campaña ya iniciada | D22: ■ | E22: SEGUIMIENTO: Región Metropolitana – continuo | G22: ■ | H22: CAMPAÑA: Campaña programada
A23: ■ | B23: TÉC. SUR: Apoya técnico de la zona sur | D23: ■ | E23: TÉC. NORTE: Propuesta: técnico norte (base La Serena) | G23: ■ | H23: ZONA NORTE: Ronda zona norte coordinada

Sheet Metropolitana
A1: # | B1: Cliente | C1: Dental | E1: Esterilización | G1: Endoscopía | I1: Base Instalada Total | K1: Pot. Mantenimiento MM$ | L1: Margen | M1: Plan de Acción | N1: Visita Comercial/Fecha | O1: Responsable Comercial
C2: Equipos | D2: % Vida Útil | E2: Equipos | F2: % Vida Útil | G2: Equipos | H2: % Vida Útil | I2: Equipos | J2: % Vida Útil
A3: 1 | B3: CLINICA MOVIL CENTINELA | C3: 76 | D3: 153.5 | E3: 46 | F3: 58.3 | I3: 122 | J3: 107.9 | K3: 140.6 | L3: =+K3*0.55 -> 77.33 | M3: Reunión gerencial. Levantamiento técnico completo. Oferta corporativa multiequipamiento. Contrato marco trianual. Programa de renovación escalonada para los equipos más antiguos. | N3: 46266 | O3: Cristian Pérez
A4: 2 | B4: HOSPITAL CLINICO SAN BORJA-ARRIARAN | E4: 11 | F4: 86.9 | I4: 11 | J4: 95.9 | K4: 22.5 | L4: =+K4*0.55 -> 12.375 | M4: Visita conjunta Comercial + Servicio. Presentar análisis de riesgo asociado a antigüedad. Contrato preventivo por familias tecnológicas. | N4: 46267 | O4: Cristian Pérez
A5: 3 | B5: CLINICA ALEMANA DE SANTIAGO S A | C5: 1 | D5: 64.6 | E5: 2 | F5: 71.9 | G5: 15 | H5: 52.2 | I5: 18 | J5: 56.5 | K5: 18.2 | L5: =+K5*0.55 -> 10.01 | M5: Revisión de equipos sin cobertura. Presentar indicadores de disponibilidad. Buscar acuerdo marco de mantenimiento | N5: 46296 | O5: Cristian Pérez
A6: 4 | B6: HOSPITAL SAN JUAN DE DIOS | C6: 6 | D6: 84.4 | E6: 3 | F6: 92.8 | G6: 6 | H6: 81.9 | I6: 15 | J6: 87.6 | K6: 15.2 | L6: =+K6*0.55 -> 8.36 | M6: Levantamiento técnico completo y propuesta de cobertura institucional. | N6: 46327 | O6: Cristian Pérez
A7: 5 | B7: JUNAEB ESCUELA NUEVA ZELANDIA | C7: 17 | D7: 130.1 | E7: 2 | F7: 57.6 | I7: 19 | J7: 122.8 | K7: 14.5 | L7: =+K7*0.55 -> 7.975 | M7: Programa preventivo anual, capacitación a usuarios y seguimiento para futuras renovaciones. | N7: 46296 | O7: Cristian Pérez
A8: 6 | B8: CESFAM STEGGER | E8: 6 | F8: 71.7 | I8: 6 | J8: 71.7 | K8: 12.3 | L8: =+K8*0.55 -> 6.765 | M8: Integrar a rutas programadas de mantenimiento y oferta preventiva anual. | N8: 46327 | O8: Cristian Pérez
A9: 7 | B9: MUTUAL DE SEGURIDAD SANTIAGO | E9: 5 | F9: 59.4 | I9: 5 | J9: 59.4 | K9: 10.2 | L9: =+K9*0.55 -> 5.61 | M9: Programa de disponibilidad operacional y mantenimiento preventivo periódico. | N9: 46327 | O9: Cristian Pérez
A10: 8 | B10: CLINICA HOGAR BUENA SALUD S.P.A | C10: 1 | D10: 54.2 | E10: 4 | F10: 47.3 | I10: 5 | J10: 66.9 | K10: 8.8 | L10: =+K10*0.55 -> 4.84
A11: 9 | B11: EJERCITO DE CHILE CENTRAL ODONTOLOGICA D | C11: 1 | D11: 59.4 | E11: 4 | F11: 42.7 | I11: 5 | J11: 46 | K11: 8.8 | L11: =+K11*0.55 -> 4.84
A12: 10 | B12: NORDEN | C12: 7 | E12: 2 | F12: 70.3 | I12: 9 | J12: 70.3 | K12: 8.4 | L12: =+K12*0.55 -> 4.62
B13: TOTAL · 10 clientes | C13: 109 | D13: 140.6 | E13: 85 | F13: 63.8 | G13: 21 | H13: 55.1 | I13: 215 | J13: 99 | K13: 259.3 | L13: =+SUM(L3:L12) -> 142.725

Sheet Bío Bío
A1: # | B1: Cliente | C1: Dental | E1: Esterilización | G1: Endoscopía | I1: Base Instalada Total | K1: Pot. Mantenimiento MM$ | L1: Margen | M1: Plan de Acción | N1: Visita Comercial/Fecha | O1: Responsable Comercial
C2: Equipos | D2: % Vida Útil | E2: Equipos | F2: % Vida Útil | G2: Equipos | H2: % Vida Útil | I2: Equipos | J2: % Vida Útil
A3: 1 | B3: CLINICA SANATORIO ALEMAN S.A | C3: 2 | D3: 114.6 | E3: 12 | F3: 75.1 | G3: 1 | I3: 15 | J3: 80.7 | K3: 26.6 | L3: =+K3*0.5 -> 13.3 | M3: Presentar riesgos de obsolescencia. Paquete PM + correctivos. Potenciar venta de repuestos. | N3: 46296 | O3: Cristián Perez
A4: 2 | B4: CE LOS TILOS | C4: 1 | D4: 77.1 | E4: 7 | F4: 59 | I4: 8 | J4: 61.3 | K4: 14.9 | L4: =+K4*0.5 -> 7.45 | M4: Convenio de soporte, auditoría técnica y programa preventivo anual. | N4: 46327 | O4: Cristián Perez
A5: 3 | B5: UNIVERSIDAD DEL DESARROLLO CONCEPCION | C5: 4 | D5: 79.1 | E5: 5 | F5: 57.2 | I5: 9 | J5: 76.8 | K5: 12.7 | L5: =+K5*0.5 -> 6.35 | M5: Convenio académico y de soporte. Cobertura para laboratorios y simulación. | N5: 46296 | O5: Cristián Perez
A6: 4 | B6: CENTRAL ODONTOLGICA II ZONA NAVAL TALCAHUANO | E6: 6 | F6: 74.2 | I6: 6 | J6: 74.2 | K6: 12.3 | L6: =+K6*0.5 -> 6.15 | M6: Programa anual preventivo, gestión institucional y stock de repuestos críticos. | N6: 46327 | O6: Cristián Perez
A7: 5 | B7: CONSULTORIO NORTE | E7: 6 | F7: 91.7 | I7: 6 | J7: 91.7 | K7: 12.3 | L7: =+K7*0.5 -> 6.15 | M7: Incorporación a rutas regionales y programa preventivo anual. | N7: 46327 | O7: Cristián Perez
A8: 6 | B8: CLINICA UNIVERSITARIA CONCEPCION | E8: 5 | F8: 67.9 | I8: 5 | J8: 67.9 | K8: 10.2 | L8: =+K8*0.5 -> 5.1 | M8: Auditoría técnica completa de todos los equipos. Identificación de equipos fuera de cobertura. Presentación de contrato preventivo anual. Programa de visitas semestrales desde la base Biobío. Propuesta de stock crítico de repuestos. Construcción de indicadores de disponibilidad para la administración clínica. | N8: 46296 | O8: Cristián Perez
A9: 7 | B9: UNIVERSIDAD DE CONCEPCION | E9: 5 | F9: 56.7 | I9: 5 | J9: 56.7 | K9: 10.2 | L9: =+K9*0.5 -> 5.1 | M9: Levantamiento de toda la base instalada. Recuperar equipos sin seguimiento técnico. | N9: 46296 | O9: Cristián Perez
A10: 8 | B10: LABORATORIO CLINICO CENTRAL LTDA. | E10: 1 | F10: 66.7 | G10: 8 | I10: 9 | J10: 66.7 | K10: 9.2 | L10: =+K10*0.5 -> 4.6 | M10: Programa de disponibilidad operacional y mantenimiento preventivo. | N10: 46327 | O10: Cristián Perez
A11: 9 | B11: CLINICA BIO BIO SPA | E11: 2 | F11: 56.3 | G11: 5 | H11: 76.4 | I11: 7 | J11: 63 | K11: 8.6 | L11: =+K11*0.5 -> 4.3 | M11: Auditoría técnica y propuesta de contrato preventivo. | N11: 46327 | O11: Cristián Perez
A12: 10 | B12: I MUNICIPALIDAD DE TALCAHUANO | C12: 7 | D12: 441.7 | E12: 2 | I12: 9 | J12: 441.7 | K12: 8.4 | L12: =+K12*0.5 -> 4.2
B13: TOTAL · 10 clientes | C13: 14 | D13: 99.5 | E13: 51 | F13: 70.2 | G13: 14 | H13: 76.4 | I13: 79 | J13: 83.7 | K13: 125.4 | L13: =+SUM(L3:L12) -> 62.7

Sheet Valparaíso
A1: # | B1: Cliente | C1: Dental | E1: Esterilización | G1: Endoscopía | I1: Base Instalada Total | K1: Pot. Mantenimiento MM$ | L1: Margen | M1: Plan de Acción | N1: Visita Comercial/Fecha | O1: Responsable Comercial
C2: Equipos | D2: % Vida Útil | E2: Equipos | F2: % Vida Útil | G2: Equipos | H2: % Vida Útil | I2: Equipos | J2: % Vida Útil
A3: 1 | B3: CLINICA REÑACA | E3: 10 | F3: 54.3 | I3: 10 | J3: 54.3 | K3: 20.4 | L3: =+K3*0.5 -> 10.2 | M3: Auditoría preventiva. Contrato anual de mantenimiento. | N3: 46296 | O3: Cristián Perez
A4: 2 | B4: CENTRAL ODONTOLOGICA PRIMERA ZONA NAVAL VIÑA | E4: 6 | F4: 58.6 | I4: 6 | J4: 58.6 | K4: 12.3 | L4: =+K4*0.5 -> 6.15 | M4: Convenio institucional de mantenimiento y soporte especializado. | N4: 46296 | O4: Cristián Perez
A5: 3 | B5: CENT. ODONT. DE VALPARAISO 1° ZONA NAVAL | E5: 4 | F5: 74.2 | I5: 4 | J5: 74.2 | K5: 8.2 | L5: =+K5*0.5 -> 4.1 | M5: Programa preventivo anual y fortalecimiento de vínculo institucional. | N5: 46296 | O5: Cristián Perez
A6: 4 | B6: HOSPITAL CLINICO IST VIÑA DEL MAR | G6: 7 | H6: 69.5 | I6: 7 | J6: 69.5 | K6: 6.3 | L6: =+K6*0.5 -> 3.15 | M6: Levantamiento técnico y propuesta de cobertura preventiva. | N6: 46296 | O6: Cristián Perez
A7: 5 | B7: CESFAM RAUL SILVA HENRIQUEZ | E7: 3 | F7: 84.9 | I7: 3 | J7: 84.9 | K7: 6.1 | L7: =+K7*0.5 -> 3.05 | M7: Gestión mediante ruta regional preventiva programada. | N7: 46296 | O7: Cristián Perez
A8: 6 | B8: HOSPITAL DE QUILLOTA | C8: 3 | D8: 85.4 | E8: 2 | F8: 84 | I8: 5 | J8: 78.1 | K8: 5.9 | L8: =+K8*0.5 -> 2.95 | M8: Levantamiento de equipos. Contrato parcial por criticidad. | N8: 46296 | O8: Cristián Perez
A9: 7 | B9: CESFAM LLOLLEO | C9: 8 | D9: 63.8 | I9: 8 | J9: 63.8 | K9: 4.9 | L9: =+K9*0.5 -> 2.45 | M9: Cobertura preventiva mediante planificación de rutas. | N9: 46357 | O9: Cristián Perez
A10: 8 | B10: HOSPITAL LA LIGUA | C10: 1 | D10: 97.4 | E10: 2 | F10: 62.1 | I10: 3 | J10: 85.6 | K10: 4.7 | L10: =+K10*0.5 -> 2.35 | M10: Levantamiento técnico y propuesta preventiva básica. | N10: 46357 | O10: Cristián Perez
A11: 9 | B11: HOSPITAL DE QUILPUE | E11: 2 | F11: 71.9 | I11: 2 | J11: 71.9 | K11: 4.1 | L11: =+K11*0.5 -> 2.05 | M11: Evaluación de cobertura y propuesta de mantenimiento anual. | N11: 46357 | O11: Cristián Perez
A12: 10 | B12: HOSPITAL DE HANGA ROA | D12: 82.3 | E12: 2 | I12: 2 | J12: 82.3 | K12: 4.1 | L12: =+K12*0.5 -> 2.05 | M12: Programa preventivo anual coordinado desde Santiago. | N12: 46357 | O12: Cristián Perez
B13: TOTAL · 10 clientes | C13: 12 | D13: 76.3 | E13: 31 | F13: 65.5 | G13: 7 | H13: 69.5 | I13: 50 | J13: 69.2 | K13: 77 | L13: =+SUM(L3:L12) -> 38.5

Sheet Araucanía
A1: # | B1: Cliente | C1: Dental | E1: Esterilización | G1: Endoscopía | I1: Base Instalada Total | K1: Pot. Mantenimiento MM$ | L1: Margen | M1: Plan de Acción | N1: Visita Comercial/Fecha | O1: Responsable Comercial
C2: Equipos | D2: % Vida Útil | E2: Equipos | F2: % Vida Útil | G2: Equipos | H2: % Vida Útil | I2: Equipos | J2: % Vida Útil
A3: 1 | B3: HOSPITAL DE ANGOL | C3: 13 | D3: 80.6 | E3: 10 | F3: 59.7 | I3: 23 | J3: 75.6 | K3: 28.4 | L3: =+K3*0.5 -> 14.2 | M3: Campaña de recuperación de BI. Oferta de contrato preventivo. Identificación de equipos cercanos a renovación. | N3: 46296 | O3: Eglys Ramírez
A4: 2 | B4: UNIVERSIDAD DE LA FRONTERA | C4: 11 | D4: 55.6 | E4: 10 | F4: 29.5 | I4: 21 | J4: 42.5 | K4: 27.2 | L4: =+K4*0.5 -> 13.6 | M4: Convenio institucional. Cobertura preventiva anual. | N4: 46296 | O4: Eglys Ramírez
A5: 3 | B5: HOSPITAL DE LAUTARO | E5: 10 | F5: 127.8 | G5: 1 | I5: 11 | J5: 127.8 | K5: 21.3 | L5: =+K5*0.5 -> 10.65 | M5: Evaluación de riesgo operativo y propuesta de mantenimiento. | N5: 46296 | O5: Eglys Ramírez
A6: 4 | B6: HOSPITAL VICTORIA | E6: 5 | F6: 86.3 | I6: 5 | J6: 80.2 | K6: 10.2 | L6: =+K6*0.5 -> 5.1 | M6: Programa preventivo anual y reuniones periódicas. | N6: 46296 | O6: Eglys Ramírez
A7: 5 | B7: CESFAM PUCON | E7: 4 | F7: 56.5 | I7: 4 | J7: 56.5 | K7: 8.2 | L7: =+K7*0.5 -> 4.1 | M7: Cobertura regional preventiva programada. | N7: 46296 | O7: Eglys Ramírez
A8: 6 | B8: HOSPITAL DE TRAIGUEN | C8: 3 | D8: 55 | E8: 3 | F8: 62.8 | I8: 6 | J8: 58.9 | K8: 8 | L8: =+K8*0.5 -> 4 | M8: Levantamiento técnico y cobertura planificada. | N8: 46296 | O8: Eglys Ramírez
A9: 7 | B9: HOSPITAL COLLIPULLI | E9: 3 | F9: 56.8 | I9: 3 | J9: 56.8 | K9: 6.1 | L9: =+K9*0.5 -> 3.05 | M9: Programa preventivo y evaluación de renovación. | N9: 46296 | O9: Eglys Ramírez
A10: 8 | B10: HOSPITAL DE LONQUIMAY | E10: 3 | F10: 26.5 | I10: 3 | J10: 26.5 | K10: 6.1 | L10: =+K10*0.5 -> 3.05 | M10: Incorporación a rutas regionales de soporte. | N10: 46296 | O10: Eglys Ramírez
A11: 9 | B11: CESFAM ERCILLA | E11: 2 | F11: 69.4 | I11: 2 | J11: 69.4 | K11: 4.1 | L11: =+K11*0.5 -> 2.05 | M11: Programa preventivo básico. | N11: 46296 | O11: Eglys Ramírez
A12: 10 | B12: GOBIERNO REGIONAL DE LA ARAUCANIA | E12: 2 | F12: 20.6 | I12: 2 | J12: 20.6 | K12: 4.1 | L12: =+K12*0.5 -> 2.05
B13: TOTAL · 10 clientes | C13: 27 | D13: 68.1 | E13: 52 | F13: 65.2 | G13: 1 | I13: 80 | J13: 70.4 | K13: 123.7 | L13: =+SUM(L3:L12) -> 61.85

Sheet Maule
A1: # | B1: Cliente | C1: Dental | E1: Esterilización | G1: Endoscopía | I1: Base Instalada Total | K1: Pot. Mantenimiento MM$ | L1: Margen | M1: Plan de Acción | N1: Visita Comercial/Fecha | O1: Responsable Comercial
C2: Equipos | D2: % Vida Útil | E2: Equipos | F2: % Vida Útil | G2: Equipos | H2: % Vida Útil | I2: Equipos | J2: % Vida Útil
A3: 1 | B3: I. MUNICIPALIDAD DE PARRAL - DPTO SALUD | C3: 1 | D3: 90.6 | E3: 6 | F3: 61.9 | I3: 7 | J3: 66.7 | K3: 12.9 | L3: =+K3*0.5 -> 6.45 | M3: Convenio institucional y programa preventivo anual. | N3: 46327 | O3: Eglys Ramírez
A4: 2 | B4: HOSPITAL DE CURICO | C4: 14 | D4: 63.5 | G4: 2 | H4: 20.8 | I4: 16 | J4: 58.2 | K4: 10.4 | L4: =+K4*0.5 -> 5.2 | M4: Levantamiento técnico institucional y propuesta de cobertura anual. | N4: 46327 | O4: Eglys Ramírez
A5: 3 | B5: HOSPITAL BASE CURICO | E5: 4 | F5: 89.4 | I5: 4 | J5: 89.4 | K5: 8.2 | L5: =+K5*0.5 -> 4.1 | M5: Contrato preventivo institucional y soporte programado. | N5: 46327 | O5: Eglys Ramírez
A6: 4 | B6: CARABINEROS CURICO | E6: 4 | F6: 66.7 | I6: 4 | J6: 66.7 | K6: 8.2 | L6: =+K6*0.5 -> 4.1 | M6: Convenio institucional de soporte técnico. | N6: 46327 | O6: Eglys Ramírez
A7: 5 | B7: CESFAM LONGAVI | C7: 1 | E7: 2 | F7: 100.8 | I7: 3 | J7: 100.8 | K7: 4.7 | L7: =+K7*0.5 -> 2.35 | M7: Incorporación a rutas preventivas regionales. | N7: 46327 | O7: Eglys Ramírez
A8: 6 | B8: CESFAM COLBUN | C8: 1 | D8: 84.4 | E8: 2 | F8: 113.8 | I8: 3 | J8: 104 | K8: 4.7 | L8: =+K8*0.5 -> 2.35 | M8: Programa preventivo y seguimiento anual. | N8: 46327 | O8: Eglys Ramírez
A9: 7 | B9: CESFAM RIO CLARO | D9: 66.7 | E9: 2 | F9: 58.9 | I9: 2 | J9: 61.5 | K9: 4.1 | L9: =+K9*0.5 -> 2.05 | M9: Cobertura preventiva básica. | N9: 46327 | O9: Eglys Ramírez
A10: 8 | B10: CESFAM YERBAS BUENAS | D10: 85.4 | E10: 2 | F10: 66.2 | I10: 2 | J10: 73.9 | K10: 4.1 | L10: =+K10*0.5 -> 2.05 | M10: Programa anual de mantenimiento. | N10: 46327 | O10: Eglys Ramírez
A11: 9 | B11: CESFAM LAS AMERICAS TALCA | E11: 2 | F11: 33.1 | I11: 2 | J11: 33.1 | K11: 4.1 | L11: =+K11*0.5 -> 2.05 | M11: Cobertura preventiva regional. | N11: 46327 | O11: Eglys Ramírez
A12: 10 | B12: CLINICA PICHIMAPU SPA | C12: 6 | D12: 155.6 | I12: 6 | J12: 155.6 | K12: 3.7 | L12: =+K12*0.5 -> 1.85 | M12: Auditoría técnica y propuesta preventiva. | N12: 46327 | O12: Eglys Ramírez
B13: TOTAL · 10 clientes | C13: 23 | D13: 72.9 | E13: 24 | F13: 71.4 | G13: 2 | H13: 20.8 | I13: 49 | J13: 69.8 | K13: 64.9 | L13: =+SUM(L3:L12) -> 32.55

Sheet Los Lagos
A1: # | B1: Cliente | C1: Dental | E1: Esterilización | G1: Endoscopía | I1: Base Instalada Total | K1: Pot. Mantenimiento MM$ | L1: Margen | M1: Plan de Acción | N1: Visita Comercial/Fecha | O1: Responsable Comercial
C2: Equipos | D2: % Vida Útil | E2: Equipos | F2: % Vida Útil | G2: Equipos | H2: % Vida Útil | I2: Equipos | J2: % Vida Útil
A3: 1 | B3: CESFAM ALERCE | E3: 4 | F3: 27.8 | I3: 4 | J3: 27.8 | K3: 8.2 | L3: =+K3*0.5 -> 4.1 | M3: Programa preventivo utilizando base Puerto Montt. | N3: 46327 | O3: Cristián Perez
A4: 2 | B4: JUNAEB MODULO FRUTILLAR | C4: 6 | D4: 126.4 | E4: 2 | F4: 51.9 | I4: 8 | J4: 111.6 | K4: 7.8 | L4: =+K4*0.5 -> 3.9 | M4: Programa preventivo anual y capacitación usuarios. | N4: 46327 | O4: Cristián Perez
A5: 3 | B5: HOSPITAL FUTALEUFU | E5: 3 | F5: 82.9 | G5: 1 | I5: 4 | J5: 82.9 | K5: 7 | L5: =+K5*0.5 -> 3.5 | M5: Cobertura programada en rondas regionales. | N5: 46327 | O5: Cristián Perez
A6: 4 | B6: CESFAM CHUYACA | E6: 3 | F6: 11.9 | I6: 3 | J6: 11.9 | K6: 6.1 | L6: =+K6*0.5 -> 3.05 | M6: Cobertura preventiva programada desde Osorno. | N6: 46327 | O6: Cristián Perez
A7: 5 | B7: REDSALUD PUERTO MONTT | C7: 1 | E7: 2 | F7: 61.9 | I7: 3 | J7: 61.9 | K7: 4.7 | L7: =+K7*0.5 -> 2.35 | M7: Recuperación de activos sin cobertura. Contrato preventivo programado. | N7: 46302 | O7: Cristián Perez
A8: 6 | B8: HOSPITAL DE FRUTILLAR | E8: 2 | F8: 77.6 | I8: 2 | J8: 77.6 | K8: 4.1 | L8: =+K8*0.5 -> 2.05 | M8: Ruta técnica trimestral. Programa de inspección preventiva. | N8: 46302 | O8: Cristián Perez
A9: 7 | B9: CESFAM ANTONIO VARAS | E9: 2 | F9: 99.7 | I9: 2 | J9: 99.7 | K9: 4.1 | L9: =+K9*0.5 -> 2.05 | M9: Integración en rutas técnicas programadas. | N9: 46327 | O9: Cristián Perez
A10: 8 | B10: POSTA CHAUCHIL | D10: 103.1 | E10: 1 | F10: 82.8 | I10: 1 | J10: 93 | K10: 2 | L10: =+K10*0.5 -> 1 | M10: Cobertura preventiva regional. | N10: 46327 | O10: Cristián Perez
A11: 9 | B11: POLICLINICO NAVAL DE PUERTO MONTT | E11: 1 | F11: 67.2 | I11: 1 | J11: 67.2 | K11: 2 | L11: =+K11*0.5 -> 1
A12: 10 | B12: CESFAM ENTRE LAGOS | E12: 1 | F12: 117.5 | I12: 1 | J12: 117.5 | K12: 2 | L12: =+K12*0.5 -> 1
B13: TOTAL · 10 clientes | C13: 7 | D13: 123.8 | E13: 21 | F13: 61.1 | G13: 1 | I13: 29 | J13: 80.3 | K13: 48.1 | L13: =+SUM(L3:L12) -> 24

Sheet Coquimbo
A1: # | B1: Cliente | C1: Dental | E1: Esterilización | G1: Endoscopía | I1: Base Instalada Total | K1: Pot. Mantenimiento MM$ | L1: Margen | M1: Plan de Acción | N1: Visita Comercial/Fecha | O1: Responsable Comercial
C2: Equipos | D2: % Vida Útil | E2: Equipos | F2: % Vida Útil | G2: Equipos | H2: % Vida Útil | I2: Equipos | J2: % Vida Útil
A3: 1 | B3: HOSPITAL LA SERENA | C3: 1 | D3: 147.9 | E3: 6 | F3: 122.8 | I3: 7 | J3: 126.4 | K3: 12.9 | L3: =+K3*0.5 -> 6.45 | M3: Desarrollo de cuenta estratégica y propuesta institucional. | N3: 46392 | O3: Cristian Pérez
A4: 2 | B4: CESFAM EL SAUCE COQUIMBO | E4: 3 | F4: 73.9 | I4: 3 | J4: 73.9 | K4: 6.1 | L4: =+K4*0.5 -> 3.05 | M4: Programa preventivo anual. | N4: 46392 | O4: Cristian Pérez
A5: 3 | B5: HOSPITAL DE OVALLE | C5: 1 | D5: 112 | E5: 1 | G5: 3 | I5: 5 | J5: 103.8 | K5: 5.4 | L5: =+K5*0.5 -> 2.7 | M5: Evaluación completa de base instalada. | N5: 46393 | O5: Cristian Pérez
A6: 4 | B6: VENTA ENDOSCOPIA | G6: 5 | H6: 33.8 | I6: 5 | J6: 33.8 | K6: 4.5 | L6: =+K6*0.5 -> 2.25 | M6: Levantamiento comercial y generación de contratos. | N6: 46394 | O6: Cristian Pérez
A7: 5 | B7: CESFAM SAN JUAN | D7: 100 | E7: 2 | F7: 75.8 | I7: 2 | J7: 87.9 | K7: 4.1 | L7: =+K7*0.5 -> 2.05 | M7: Incorporación a rutas regionales. | N7: 46393 | O7: Cristian Pérez
A8: 6 | B8: CESFAM LILA CORTES (TIERRAS BLANCAS) | E8: 2 | F8: 52.2 | I8: 2 | J8: 52.2 | K8: 4.1 | L8: =+K8*0.5 -> 2.05 | M8: Programa preventivo anual. | N8: 46394 | O8: Cristian Pérez
A9: 7 | B9: CESFAM PUNITAQUI | C9: 1 | D9: 206.7 | E9: 1 | F9: 91 | I9: 2 | J9: 148.8 | K9: 2.7 | L9: =+K9*0.5 -> 1.35 | M9: Cobertura preventiva programada. | N9: 46395 | O9: Cristian Pérez
A10: 8 | B10: HOSPITAL DE SALAMANCA | E10: 1 | F10: 65.6 | I10: 1 | J10: 65.6 | K10: 2 | L10: =+K10*0.5 -> 1 | M10: Programa preventivo institucional. | N10: 46395 | O10: Cristian Pérez
A11: 9 | B11: CESFAM URBANO III OVALLE | D11: 104.2 | E11: 1 | F11: 79.2 | I11: 1 | J11: 95.8 | K11: 2 | L11: =+K11*0.5 -> 1 | M11: Programa preventivo anual. | N11: 46398 | O11: Cristian Pérez
A12: 10 | B12: CESFAM FRAY JORGE OVALLE | D12: 104.2 | E12: 1 | F12: 68.1 | I12: 1 | J12: 86.1 | K12: 2 | L12: =+K12*0.5 -> 1 | M12: Cobertura preventiva programada. | N12: 46398 | O12: Cristian Pérez
B13: TOTAL · 10 clientes | C13: 3 | D13: 121.5 | E13: 18 | F13: 90.2 | G13: 8 | H13: 33.8 | I13: 29 | J13: 94.3 | K13: 45.8 | L13: =+SUM(L3:L12) -> 22.9

Sheet O'Higgins
A1: # | B1: Cliente | C1: Dental | E1: Esterilización | G1: Endoscopía | I1: Base Instalada Total | K1: Pot. Mantenimiento MM$ | L1: Margen | M1: Plan de Acción | N1: Visita Comercial/Fecha | O1: Responsable Comercial
C2: Equipos | D2: % Vida Útil | E2: Equipos | F2: % Vida Útil | G2: Equipos | H2: % Vida Útil | I2: Equipos | J2: % Vida Útil
A3: 1 | B3: CESFAM N° 2 RANCAGUA | C3: 20 | D3: 160.1 | I3: 20 | J3: 160.1 | K3: 12.3 | L3: =+K3*0.5 -> 6.15 | M3: Levantamiento técnico y propuesta institucional. | N3: 46328 | O3: Eglys Ramírez
A4: 2 | B4: REDSALUD RANCAGUA | E4: 3 | F4: 64.3 | I4: 3 | J4: 64.3 | K4: 6.1 | L4: =+K4*0.5 -> 3.05 | M4: Contrato institucional preventivo. | N4: 46328 | O4: Eglys Ramírez
A5: 3 | B5: HOSPITAL REGIONAL DE RANCAGUA | C5: 1 | D5: 31.3 | E5: 1 | F5: 45 | G5: 3 | I5: 5 | J5: 38.1 | K5: 5.4 | L5: =+K5*0.5 -> 2.7 | M5: Auditoría técnica y propuesta de soporte anual. | N5: 46329 | O5: Eglys Ramírez
A6: 4 | B6: HOSPITAL SAN VICENTE TAGUA TAGUA | C6: 4 | D6: 75.5 | E6: 1 | I6: 5 | J6: 75.5 | K6: 4.5 | L6: =+K6*0.5 -> 2.25 | M6: Cobertura preventiva programada. | N6: 46329 | O6: Eglys Ramírez
A7: 5 | B7: CESFAM N°1 RANCAGUA | E7: 2 | F7: 80.7 | I7: 2 | J7: 80.7 | K7: 4.1 | L7: =+K7*0.5 -> 2.05 | M7: Programa preventivo básico. | N7: 46330 | O7: Eglys Ramírez
A8: 6 | B8: POSTA PAILIMO | E8: 2 | F8: 62.5 | I8: 2 | J8: 62.5 | K8: 4.1 | L8: =+K8*0.5 -> 2.05 | M8: Evaluación de activos y propuesta preventiva. | N8: 46330 | O8: Eglys Ramírez
A9: 7 | B9: HOSPITAL DE RENGO | C9: 2 | D9: 64.6 | E9: 1 | F9: 88.5 | I9: 3 | J9: 72.6 | K9: 3.3 | L9: =+K9*0.5 -> 1.65 | M9: Cobertura regional preventiva. | N9: 46331 | O9: Eglys Ramírez
A10: 8 | B10: CESFAM RENGO ORIENTE | C10: 1 | D10: 63.3 | E10: 1 | F10: 95 | I10: 2 | J10: 79.2 | K10: 2.7 | L10: =+K10*0.5 -> 1.35 | M10: Programa preventivo anual. | N10: 46331 | O10: Eglys Ramírez
A11: 9 | B11: HOSPITAL LITUECHE | C11: 4 | D11: 154.9 | I11: 4 | J11: 154.9 | K11: 2.5 | L11: =+K11*0.5 -> 1.25 | M11: Convenio institucional regional. | N11: 46332 | O11: Eglys Ramírez
A12: 10 | B12: SERVICIO SALUD O'HIGGINS | E12: 1 | F12: 123.3 | I12: 1 | J12: 123.3 | K12: 2 | L12: =+K12*0.5 -> 1 | M12: Cobertura preventiva regional. | N12: 46332 | O12: Eglys Ramírez
B13: TOTAL · 10 clientes | C13: 32 | D13: 140.6 | E13: 12 | F13: 74.6 | G13: 3 | I13: 47 | J13: 125.3 | K13: 46.8 | L13: =+SUM(L3:L12) -> 23.5

Sheet Antofagasta
A1: # | B1: Cliente | C1: Dental | E1: Esterilización | G1: Endoscopía | I1: Base Instalada Total | K1: Pot. Mantenimiento MM$ | L1: Margen | M1: Plan de Acción | N1: Visita Comercial/Fecha | O1: Responsable Comercial
C2: Equipos | D2: % Vida Útil | E2: Equipos | F2: % Vida Útil | G2: Equipos | H2: % Vida Útil | I2: Equipos | J2: % Vida Útil
A3: 1 | B3: HOSPITAL REGIONAL DE ANTOFAGASTA | C3: 2 | E3: 5 | F3: 113.7 | G3: 11 | H3: 56.9 | I3: 18 | J3: 104.2 | K3: 21.3 | L3: =+K3*0.5 -> 10.65 | M3: Cuenta estratégica regional y propuesta integral de mantenimiento. | N3: 46400 | O3: Cristian Pérez
A4: 2 | B4: HOSPITAL CARLOS CISTERNA DE CALAMA | C4: 2 | D4: 172.4 | E4: 3 | F4: 83.6 | G4: 2 | I4: 7 | J4: 93.6 | K4: 9.2 | L4: =+K4*0.5 -> 4.6 | M4: Levantamiento técnico y cobertura institucional. | N4: 46400 | O4: Cristian Pérez
A5: 3 | B5: DIAGNORAD ANTOFAGASTA | C5: 7 | D5: 169.8 | I5: 7 | J5: 169.8 | K5: 4.3 | L5: =+K5*0.5 -> 2.15 | M5: Cobertura preventiva y disponibilidad operacional. | N5: 46401 | O5: Cristian Pérez
A6: 4 | B6: CLINICA REGIONAL LA PORTADA DE ANTOFAGASTA S.A | E6: 1 | F6: 36.7 | I6: 1 | J6: 36.7 | K6: 2 | L6: =+K6*0.5 -> 1 | M6: Auditoría técnica y propuesta preventiva. | N6: 46401 | O6: Cristian Pérez
A7: 5 | B7: HOSPITAL MEJILLONES | E7: 1 | F7: 88.3 | I7: 1 | J7: 88.3 | K7: 2 | L7: =+K7*0.5 -> 1 | M7: Programa preventivo regional. | N7: 46405 | O7: Cristian Pérez
A8: 6 | B8: SOCIEDAD VERDEJO Y VERDEJO LIMITADA | E8: 1 | F8: 81.7 | I8: 1 | J8: 81.7 | K8: 2 | L8: =+K8*0.5 -> 1 | M8: Programa básico de mantenimiento anual. | N8: 46402 | O8: Cristian Pérez
A9: 7 | B9: CENTRO OFTALMOLOGICO LASER CEOLA ANTOFAGASTA S.A | E9: 1 | F9: 62.8 | I9: 1 | J9: 62.8 | K9: 2 | L9: =+K9*0.5 -> 1 | M9: Programa preventivo y soporte especializado. | N9: 46402 | O9: Cristian Pérez
A10: 8 | B10: E.CL S.A. | E10: 1 | F10: 73.3 | I10: 1 | J10: 73.3 | K10: 2 | L10: =+K10*0.5 -> 1 | M10: Levantamiento técnico y seguimiento comercial. | N10: 46405 | O10: Cristian Pérez
A11: 9 | B11: POSTA RURAL CALETA PAPOSO | C11: 1 | D11: 78.6 | I11: 1 | J11: 78.7 | K11: 0.6 | L11: =+K11*0.5 -> 0.3 | M11: Cobertura programada anual. | N11: 46406 | O11: Cristian Pérez
A12: 10 | B12: CENTRO CLINICO BIOIMAGEN DENTAL Y CIA LTDA | C12: 1 | D12: 63.5 | I12: 1 | J12: 63.5 | K12: 0.6 | L12: =+K12*0.5 -> 0.3 | M12: Servicio preventivo y soporte técnico. | N12: 46406 | O12: Cristian Pérez
B13: TOTAL · 10 clientes | C13: 13 | D13: 141.7 | E13: 13 | F13: 89.9 | G13: 13 | H13: 56.9 | I13: 39 | J13: 98.5 | K13: 46.2 | L13: =+SUM(L3:L12) -> 23

Sheet Ñuble
A1: # | B1: Cliente | C1: Dental | E1: Esterilización | G1: Base Instalada Total | I1: Pot. Mantenimiento MM$ | J1: Margen | K1: Plan de Acción | L1: Visita Comercial/Fecha | M1: Responsable Comercial
C2: Equipos | D2: % Vida Útil | E2: Equipos | F2: % Vida Útil | G2: Equipos | H2: % Vida Útil
A3: 1 | B3: CLINICA ANDES SALUD CHILLAN | E3: 4 | F3: 35.3 | G3: 4 | H3: 35.3 | I3: 8.2 | J3: =+I3*0.5 -> 4.1 | K3: Auditoría técnica de base instalada, propuesta de mantenimiento preventivo anual y presentación de indicadores de continuidad operacional. | L3: 46357 | M3: Eglys Ramírez
A4: 2 | B4: HOSPITAL CLINICO HERMINDA MARTIN | C4: 4 | D4: 42.7 | E4: 1 | F4: 110 | G4: 5 | H4: 56.2 | I4: 4.5 | J4: =+I4*0.5 -> 2.25 | K4: Levantamiento técnico institucional, identificación de equipos sin cobertura y propuesta de contrato preventivo. | L4: 46357 | M4: Eglys Ramírez
A5: 3 | B5: CESFAM COBQUECURA | E5: 2 | F5: 37.2 | G5: 2 | H5: 37.2 | I5: 4.1 | J5: =+I5*0.5 -> 2.05 | K5: Incorporación a rutas preventivas regionales y programa anual de mantención. | L5: 46357 | M5: Eglys Ramírez
A6: 4 | B6: CESFAM SAN NICOLAS | E6: 2 | F6: 38.3 | G6: 2 | H6: 38.3 | I6: 4.1 | J6: =+I6*0.5 -> 2.05 | K6: Programa preventivo anual y seguimiento de necesidades de renovación. | L6: 46357 | M6: Eglys Ramírez
A7: 5 | B7: CESFAM PORTEZUELO ÑUBLE | C7: 2 | D7: 71.9 | E7: 1 | F7: 38.3 | G7: 3 | H7: 60.7 | I7: 3.3 | J7: =+I7*0.5 -> 1.65 | K7: Cobertura preventiva mediante visitas programadas. | L7: 46357 | M7: Eglys Ramírez
A8: 6 | B8: CESFAM ULTRAESTACION CHILLAN | C8: 5 | D8: 42.7 | G8: 5 | H8: 42.7 | I8: 3.1 | J8: =+I8*0.5 -> 1.55 | K8: Integración a rutas técnicas regionales y programa de inspección preventiva. | L8: 46357 | M8: Eglys Ramírez
A9: 7 | B9: HOSPITAL EL CARMEN DE CHILLAN | E9: 1 | F9: 40 | G9: 1 | H9: 75.7 | I9: 2 | J9: =+I9*0.5 -> 1 | K9: Evaluación de base instalada y propuesta de cobertura institucional. | L9: 46357 | M9: Eglys Ramírez
A10: 8 | B10: JUNAEB SAN NICOLAS | E10: 1 | F10: 38.3 | G10: 1 | H10: 38.3 | I10: 2 | J10: =+I10*0.5 -> 1 | K10: Programa preventivo anual, capacitación de usuarios y preparación para futuras renovaciones. | L10: 46357 | M10: Eglys Ramírez
A11: 9 | B11: POSTA ÑUBLE SAN NICOLAS | E11: 1 | F11: 38.3 | G11: 1 | H11: 38.3 | I11: 2 | J11: =+I11*0.5 -> 1
A12: 10 | B12: CESFAM CHILLAN VIEJO | E12: 1 | F12: 37.2 | G12: 1 | H12: 37.2 | I12: 2 | J12: =+I12*0.5 -> 1 | K12: Programa preventivo básico anual. | L12: 46357 | M12: Eglys Ramírez
B13: TOTAL · 10 clientes | C13: 11 | D13: 48.5 | E13: 14 | F13: 44 | G13: 25 | H13: 49.1 | I13: 35.3 | J13: =+SUM(J3:J12) -> 17.65

Sheet Magallanes
A1: # | B1: Cliente | C1: Dental | E1: Esterilización | G1: Base Instalada Total | I1: Pot. Mantenimiento MM$ | J1: Margen | K1: Plan de Acción | L1: Visita Comercial/Fecha | M1: Responsable Comercial
C2: Equipos | D2: % Vida Útil | E2: Equipos | F2: % Vida Útil | G2: Equipos | H2: % Vida Útil
A3: 1 | B3: CESFAM THOMAS FENTON | C3: 8 | D3: 163.5 | E3: 1 | F3: 40.8 | G3: 9 | H3: 139 | I3: 6.9 | J3: =+I3*0.5 -> 3.45 | K3: Programa preventivo anual y soporte remoto prioritario. | L3: 46357 | M3: Eglys Ramírez
A4: 2 | B4: SOCIEDAD CMA-COSTANERA S.A. | C4: 1 | D4: 92.7 | E4: 3 | F4: 45.8 | G4: 4 | H4: 57.6 | I4: 6.7 | J4: =+I4*0.5 -> 3.35 | K4: Levantamiento técnico y propuesta preventiva. | L4: 46357 | M4: Eglys Ramírez
A5: 3 | B5: SERVICIOS ODONTOLOGICOS AMAR SPA | E5: 3 | F5: 69.3 | G5: 3 | H5: 69.3 | I5: 6.1 | J5: =+I5*0.5 -> 3.05 | K5: Programa preventivo y seguimiento comercial. | L5: 46357 | M5: Eglys Ramírez
A6: 4 | B6: HOSPITAL CLINICO DE MAGALLANES | C6: 3 | D6: 77.1 | E6: 2 | F6: 77.5 | G6: 5 | H6: 77.2 | I6: 5.9 | J6: =+I6*0.5 -> 2.95 | K6: Contrato institucional de mantenimiento y continuidad operacional. | L6: 46357 | M6: Eglys Ramírez
A7: 5 | B7: HOSPITAL PUERTO WILLIAMS | E7: 2 | F7: 100.5 | G7: 2 | H7: 100.5 | I7: 4.1 | J7: =+I7*0.5 -> 2.05 | K7: Cobertura preventiva anual programada. | L7: 46357 | M7: Eglys Ramírez
A8: 6 | B8: HOSPITAL PUERTO NATALES | E8: 1 | F8: 114.4 | G8: 1 | H8: 114.4 | I8: 2 | J8: =+I8*0.5 -> 1 | K8: Programa preventivo periódico y evaluación de renovación. | L8: 46357 | M8: Eglys Ramírez
A9: 7 | B9: HOSPITAL DE PORVENIR | E9: 1 | F9: 102.5 | G9: 1 | H9: 102.5 | I9: 2 | J9: =+I9*0.5 -> 1 | K9: Cobertura preventiva mediante visitas programadas. | L9: 46357 | M9: Eglys Ramírez
A10: 8 | B10: SERVICIO SALUD MAGALLANES, HOSPITAL DE PUNTA ARENA | E10: 1 | F10: 40.3 | G10: 1 | H10: 40.3 | I10: 2 | J10: =+I10*0.5 -> 1 | K10: Convenio institucional regional para soporte técnico y renovación tecnológica futura. | L10: 46357 | M10: Eglys Ramírez
A11: 9 | B11: CLINICA MAGALLANES | E11: 1 | F11: 68.3 | G11: 1 | H11: 68.3 | I11: 2 | J11: =+I11*0.5 -> 1 | K11: Auditoría técnica y propuesta anual de soporte. | L11: 46357 | M11: Eglys Ramírez
A12: 10 | B12: CENTROS MEDICO IMET | E12: 1 | F12: 43.3 | G12: 1 | H12: 43.3 | I12: 2 | J12: =+I12*0.5 -> 1 | K12: Programa de disponibilidad operacional y mantenimiento preventivo. | L12: 46357 | M12: Eglys Ramírez
B13: TOTAL · 10 clientes | C13: 12 | D13: 117.2 | E13: 16 | F13: 71.7 | G13: 28 | H13: 88.1 | I13: 40 | J13: =+SUM(J3:J12) -> 19.85

Sheet Tarapacá
A1: # | B1: Cliente | C1: Dental | E1: Esterilización | G1: Base Instalada Total | I1: Pot. Mantenimiento MM$ | J1: Margen | K1: Plan de Acción | L1: Visita Comercial/Fecha | M1: Responsable Comercial
C2: Equipos | D2: % Vida Útil | E2: Equipos | F2: % Vida Útil | G2: Equipos | H2: % Vida Útil
A3: 1 | B3: HOSPITAL DE IQUIQUE | C3: 3 | E3: 9 | F3: 45.8 | G3: 12 | H3: 45.8 | I3: 20.2 | J3: =+I3*0.5 -> 10.1 | K3: Levantamiento completo de activos, propuesta institucional de mantenimiento y análisis de criticidad. | L3: En Revisión/ Por Definir | M3: Cristian Pérez
A4: 2 | B4: HOSPITAL DOCTOR ERNESTO TORRES GALDAMES | D4: 85.4 | E4: 3 | F4: 48.2 | G4: 3 | H4: 57.5 | I4: 6.1 | J4: =+I4*0.5 -> 3.05 | K4: Programa preventivo institucional y evaluación de renovación tecnológica. | L4: En Revisión/ Por Definir | M4: Cristian Pérez
A5: 3 | B5: CESFAM PICA | C5: 4 | D5: 168.3 | G5: 4 | H5: 168.3 | I5: 2.5 | J5: =+I5*0.5 -> 1.25 | K5: Cobertura preventiva programada durante rondas zonales. | L5: En Revisión/ Por Definir | M5: Cristian Pérez
A6: 4 | B6: POSTA PACHICA | E6: 1 | F6: 67.2 | G6: 1 | H6: 67.2 | I6: 2 | J6: =+I6*0.5 -> 1 | K6: Programa preventivo básico anual. | L6: En Revisión/ Por Definir | M6: Cristian Pérez
A7: 5 | B7: SERVICIO SALUD IQUIQUE | E7: 1 | F7: 84 | G7: 1 | H7: 84 | I7: 2 | J7: =+I7*0.5 -> 1 | K7: Convenio institucional regional y soporte para futuros proyectos. | L7: En Revisión/ Por Definir | M7: Cristian Pérez
A8: 6 | B8: SERVICLINICA IQUIQUE INMOBILIARIA S.A. | E8: 1 | F8: 79.2 | G8: 1 | H8: 79.2 | I8: 2 | J8: =+I8*0.5 -> 1 | K8: Auditoría técnica y propuesta de contrato preventivo. | L8: En Revisión/ Por Definir | M8: Cristian Pérez
A9: 7 | B9: CESFAM PEDRO PULGAR DE ALTO HOSPICIO | C9: 1 | D9: 93.8 | G9: 1 | H9: 93.8 | I9: 0.6 | J9: =+I9*0.5 -> 0.3 | K9: Programa preventivo y seguimiento de activos. | L9: En Revisión/ Por Definir | M9: Cristian Pérez
A10: 8 | B10: POSTA HUARA | C10: 1 | D10: 134.1 | G10: 1 | H10: 134.1 | I10: 0.6 | J10: =+I10*0.5 -> 0.3 | K10: Cobertura preventiva programada. | L10: En Revisión/ Por Definir | M10: Cristian Pérez
A11: 9 | B11: FACHS IQUIQUE | C11: 1 | D11: 90.6 | G11: 1 | H11: 90.6 | I11: 0.6 | J11: =+I11*0.5 -> 0.3 | K11: Convenio institucional y planificación anual de servicios. | L11: En Revisión/ Por Definir | M11: Cristian Pérez
A12: 10 | B12: CESFAM DR. PEDRO PULGAR MELGAREJO | C12: 1 | D12: 175 | G12: 1 | H12: 175 | I12: 0.6 | J12: =+I12*0.5 -> 0.3
B13: TOTAL · 10 clientes | C13: 11 | D13: 131.2 | E13: 15 | F13: 54.2 | G13: 26 | H13: 89.2 | I13: 37.4 | J13: =+SUM(J3:J12) -> 18.6

Sheet Los Ríos
A1: # | B1: Cliente | C1: Dental | E1: Esterilización | G1: Base Instalada Total | I1: Pot. Mantenimiento MM$ | J1: Margen | K1: Plan de Acción | L1: Visita Comercial/Fecha | M1: Responsable Comercial
C2: Equipos | D2: % Vida Útil | E2: Equipos | F2: % Vida Útil | G2: Equipos | H2: % Vida Útil
A3: 1 | B3: HOSPITAL DE LANCO | C3: 1 | D3: 96.9 | E3: 3 | F3: 94.8 | G3: 4 | H3: 95.7 | I3: 6.7 | J3: =+I3*0.5 -> 3.35 | K3: Evaluación técnica de activos y propuesta preventiva anual. | L3: En Revisión/ Por Definir | M3: Eglys Ramírez
A4: 2 | B4: HOSPITAL BASE DE VALDIVIA | C4: 1 | D4: 231.7 | E4: 2 | F4: 58.3 | G4: 3 | H4: 116.1 | I4: 4.7 | J4: =+I4*0.5 -> 2.35 | K4: Cuenta estratégica regional, propuesta integral de mantenimiento y plan de renovación tecnológica. | L4: En Revisión/ Por Definir | M4: Eglys Ramírez
A5: 3 | B5: CLINICA COSTANERA VALDIVIA | E5: 2 | F5: 26.7 | G5: 2 | H5: 26.7 | I5: 4.1 | J5: =+I5*0.5 -> 2.05 | K5: Auditoría técnica y propuesta preventiva anual. | L5: En Revisión/ Por Definir | M5: Eglys Ramírez
A6: 4 | B6: I.MUNICIPALIDAD DE LA UNION | D6: 115.6 | E6: 1 | F6: 72.9 | G6: 1 | H6: 107.9 | I6: 2 | J6: =+I6*0.5 -> 1 | K6: Convenio institucional para soporte de equipamiento y servicios asociados. | L6: En Revisión/ Por Definir | M6: Eglys Ramírez
A7: 5 | B7: HOSPITAL DE LA UNION | E7: 1 | F7: 128.3 | G7: 1 | H7: 128.3 | I7: 2 | J7: =+I7*0.5 -> 1 | K7: Programa preventivo y fortalecimiento de relación institucional. | L7: En Revisión/ Por Definir | M7: Eglys Ramírez
A8: 6 | B8: SOCIEDAD DE SERVICIOS MEDICOS Y ODONTOLOGICOS MERI | E8: 1 | F8: 78.3 | G8: 1 | H8: 78.3 | I8: 2 | J8: =+I8*0.5 -> 1 | K8: Programa preventivo básico y soporte programado. | L8: En Revisión/ Por Definir | M8: Eglys Ramírez
A9: 7 | B9: CLINICA ALEMANA DE VALDIVIA | E9: 1 | F9: 104.2 | G9: 1 | H9: 104.2 | I9: 2 | J9: =+I9*0.5 -> 1 | K9: Auditoría preventiva y propuesta de cobertura anual. | L9: En Revisión/ Por Definir | M9: Eglys Ramírez
A10: 8 | B10: UNIVERSIDAD AUSTRAL DE VALDIVIA | E10: 1 | F10: 37.8 | G10: 1 | H10: 37.8 | I10: 2 | J10: =+I10*0.5 -> 1 | K10: Convenio institucional, soporte para laboratorios y cobertura preventiva anual. | L10: En Revisión/ Por Definir | M10: Eglys Ramírez
A11: 9 | B11: CESFAM FUTRONO | C11: 1 | D11: 161.5 | G11: 1 | H11: 161.5 | I11: 0.6 | J11: =+I11*0.5 -> 0.3 | K11: Integración a rutas regionales programadas. | L11: En Revisión/ Por Definir | M11: Eglys Ramírez
B12: TOTAL · 9 clientes | C12: 3 | D12: 123.2 | E12: 12 | F12: 78.2 | G12: 15 | H12: 101.5 | I12: 26.4 | J12: =+SUM(J3:J11) -> 13.05

Sheet Arica y Parinacota
A1: # | B1: Cliente | C1: Dental | E1: Esterilización | G1: Base Instalada Total | I1: Pot. Mantenimiento MM$ | J1: Margen | K1: Plan de Acción | L1: Visita Comercial/Fecha | M1: Responsable Comercial
C2: Equipos | D2: % Vida Útil | E2: Equipos | F2: % Vida Útil | G2: Equipos | H2: % Vida Útil
A3: 1 | B3: CENTRO CLINICO MILITAR ARICA | E3: 4 | F3: 84.9 | G3: 4 | H3: 84.9 | I3: 8.2 | J3: =+I3*0.5 -> 4.1 | K3: Convenio institucional y programa anual de mantenimiento preventivo. | L3: En Revisión/ Por Definir | M3: Cristian Pérez
A4: 2 | B4: SOCIEDAD ARICA SALUD LTDA. (ARICA) | E4: 2 | F4: 73.3 | G4: 2 | H4: 73.3 | I4: 4.1 | J4: =+I4*0.5 -> 2.05 | K4: Auditoría técnica de equipos e identificación de oportunidades de contrato. | L4: En Revisión/ Por Definir | M4: Cristian Pérez
A5: 3 | B5: ARICALAB SPA | E5: 1 | F5: 78.3 | G5: 1 | H5: 78.3 | I5: 2 | J5: =+I5*0.5 -> 1 | K5: Programa preventivo básico anual. | L5: En Revisión/ Por Definir | M5: Cristian Pérez
A6: 4 | B6: POLICLINICO GENARMERIA DE ARICA | C6: 1 | D6: 83.3 | G6: 1 | H6: 83.3 | I6: 0.6 | J6: =+I6*0.5 -> 0.3 | K6: Programa institucional de soporte técnico. | L6: En Revisión/ Por Definir | M6: Cristian Pérez
A7: 5 | B7: GENDARMERIA DE ARICA | C7: 1 | D7: 57.3 | G7: 1 | H7: 57.3 | I7: 0.6 | J7: =+I7*0.5 -> 0.3 | K7: Convenio institucional y planificación anual de mantenimiento. | L7: En Revisión/ Por Definir | M7: Cristian Pérez
A8: 6 | B8: REDSALUD ARICA | C8: 1 | D8: 71.9 | G8: 1 | H8: 71.9 | I8: 0.6 | J8: =+I8*0.5 -> 0.3 | K8: Evaluación de base instalada y generación de propuesta preventiva. | L8: En Revisión/ Por Definir | M8: Cristian Pérez
B9: TOTAL · 6 clientes | C9: 3 | D9: 70.8 | E9: 7 | F9: 80.6 | G9: 10 | H9: 77.7 | I9: 16.1 | J9: =+SUM(J3:J8) -> 8.05

Sheet Aysén
A1: # | B1: Cliente | C1: Dental | E1: Esterilización | G1: Endoscopía | I1: Base Instalada Total | K1: Pot. Mantenimiento MM$ | L1: Margen | M1: Plan de Acción | N1: Visita Comercial/Fecha | O1: Responsable Comercial
C2: Equipos | D2: % Vida Útil | E2: Equipos | F2: % Vida Útil | G2: Equipos | H2: % Vida Útil | I2: Equipos | J2: % Vida Útil
A3: 1 | B3: HOSPITAL DE COCHRANE | E3: 2 | F3: 59.7 | I3: 2 | J3: 59.7 | K3: 4.1 | L3: =+K3*0.5 -> 2.05 | M3: Programa preventivo anual y evaluación periódica de equipos. | N3: En Revisión/ Por Definir | O3: Eglys Ramírez
A4: 2 | B4: CESFAM LA JUNTA | C4: 3 | D4: 175 | E4: 1 | F4: 68.3 | I4: 4 | J4: 121.7 | K4: 3.9 | L4: =+K4*0.5 -> 1.95 | M4: Programa preventivo programado e integración a rutas regionales. | N4: En Revisión/ Por Definir | O4: Eglys Ramírez
A5: 3 | B5: MUN. DE CHILE CHICO | E5: 1 | F5: 48.3 | G5: 1 | I5: 2 | J5: 48.3 | K5: 2.9 | L5: =+K5*0.5 -> 1.45
A6: 4 | B6: HOSPITAL DE COYHAIQUE | E6: 1 | I6: 1 | J6: 68.4 | K6: 2 | L6: =+K6*0.5 -> 1 | M6: Cuenta regional principal, propuesta institucional de mantenimiento y renovación tecnológica. | N6: En Revisión/ Por Definir | O6: Eglys Ramírez
A7: 5 | B7: CECOSF CHACABUCO | C7: 1 | D7: 171.7 | I7: 1 | J7: 171.7 | K7: 0.6 | L7: =+K7*0.5 -> 0.3 | M7: Mantención preventiva básica y seguimiento anual. | N7: En Revisión/ Por Definir | O7: Eglys Ramírez
A8: 6 | B8: POSTA BAHÍA MURTA | C8: 1 | D8: 76 | I8: 1 | J8: 76 | K8: 0.6 | L8: =+K8*0.5 -> 0.3 | M8: Cobertura preventiva anual y soporte remoto prioritario. | N8: En Revisión/ Por Definir | O8: Eglys Ramírez
B9: TOTAL · 6 clientes | C9: 5 | D9: 124.7 | E9: 5 | F9: 59 | G9: 1 | I9: 11 | J9: 81.8 | K9: 14.2 | L9: =+SUM(L3:L8) -> 7.05

Sheet Atacama
A1: # | B1: Cliente | C1: Dental | E1: Esterilización | G1: Base Instalada Total | I1: Pot. Mantenimiento MM$ | J1: Margen | K1: Plan de Acción | L1: Visita Comercial/Fecha | M1: Responsable Comercial
C2: Equipos | D2: % Vida Útil | E2: Equipos | F2: % Vida Útil | G2: Equipos | H2: % Vida Útil
A3: 1 | B3: CLINICA ATACAMA | E3: 1 | F3: 65.6 | G3: 1 | H3: 65.6 | I3: 2 | J3: =+I3*0.5 -> 1 | K3: Auditoría técnica, propuesta preventiva y evaluación de renovación tecnológica. | L3: En Revisión/ Por Definir | M3: Cristian Pérez
A4: 2 | B4: CESFAM PEDRO LEON GALLO COPIAPO | E4: 1 | F4: 104.2 | G4: 1 | H4: 104.2 | I4: 2 | J4: =+I4*0.5 -> 1 | K4: Programa preventivo anual y seguimiento técnico. | L4: En Revisión/ Por Definir | M4: Cristian Pérez
A5: 3 | B5: HOSPITAL DE VALLENAR | E5: 1 | F5: 76.1 | G5: 1 | H5: 76.1 | I5: 2 | J5: =+I5*0.5 -> 1 | K5: Levantamiento institucional y propuesta anual de cobertura. | L5: En Revisión/ Por Definir | M5: Cristian Pérez
A6: 4 | B6: VARGAS ROJAS SOC.RESP. LTDA | E6: 1 | F6: 70 | G6: 1 | H6: 70 | I6: 2 | J6: =+I6*0.5 -> 1 | K6: Programa básico de mantenimiento preventivo. | L6: En Revisión/ Por Definir | M6: Cristian Pérez
A7: 5 | B7: HOSPITAL FLORENCIO VARGAS DIAZ | C7: 2 | D7: 65.8 | G7: 2 | H7: 65.8 | I7: 1.2 | J7: =+I7*0.5 -> 0.6 | K7: Programa preventivo institucional y análisis de criticidad. | L7: En Revisión/ Por Definir | M7: Cristian Pérez
A8: 6 | B8: CESFAM FREIRINA | C8: 1 | D8: 231.7 | G8: 1 | H8: 231.7 | I8: 0.6 | J8: =+I8*0.5 -> 0.3 | K8: Cobertura preventiva programada. | L8: En Revisión/ Por Definir | M8: Cristian Pérez
B9: TOTAL · 6 clientes | C9: 3 | D9: 121.1 | E9: 4 | F9: 76.3 | G9: 7 | H9: 93.1 | I9: 10 | J9: =+SUM(J3:J8) -> 4.9
